Name,defaultValue,description,dataType,hasOne_name
clusterQueue,umcg,,,
mem,4,Memory in GB,,
walltime,23:59:00,,,
cores,1,,,
defaultInterpreter,#!/bin/bash,,,
library,${fileprefix},,,
jobname,jobname,,string,
root,/scratch1,the root to your tools and data,string,
bashrc,${root}/gcc.bashrc,,,
workflowHeader,NGSHeader.ftl,,,
tooldir,${root}/tools,root dir for tools,string,
gafhome,/scratch1,gaf home dir,string,
gaftools,${gafhome}/tools,,string,
gafscripts,${gaftools}/scripts,,string,
scriptdir,${tooldir}/scripts,,,
importscript,${scriptdir}/import.sh,,,
demultiplexscript,${scriptdir}/demultiplex.R,,string,
demultiplexWorkflowFile,${McDir}/workflows/in-house_workflow_demultiplex.csv,,string,
JAVA_HOME,/target/gpfs2/gcc/tools/jdk/,,,
R_HOME,${tooldir}/R/,,,
R,${R_HOME}/bin/R,,,
rscript,${R_HOME}/bin/Rscript,,,
datadir,${root}/groups/in-house,root dir for data,string,
allRawNgsDataDir,${datadir}/rawdata/ngs/,"Contains all rawdata (i.e., *.fq files)",string,
allRunDemultiplexDir,${datadir}/runs/,Demultiplex historical data specific runs directory,string,
runPrefix,${sequencingStartDate}_${sequencer}_${run}_${flowcell},,string,
runJobsDir,${allRunDemultiplexDir}/${runPrefix}/jobs/,Run specific job scripts directory,string,
runResultsDir,${allRunDemultiplexDir}/${runPrefix}/results/,Store demultiplexed results here,string,
rawdatadir,${allRawNgsDataDir}/${runPrefix},"contains rawdata (i.e., *.fq files)",string,
arraydir,${datadir}/rawdata/array,,,
fileprefix,${sequencingStartDate}_${sequencer}_${run}_${flowcell}_L${lane},first part of file name,string,
sequencingStartDate,,,,
sequencer,,,,
run,,,,"sequencer,sequencingStartDate,runJobsDir,runResultsDir"
flowcell,,,,"run,runJobsDir,runResultsDir"
seqType,,,,
lane,,,,"flowcell,seqType"
barcode,,,,
file,,
#,,,,
filenamePartSeperator,_,,,
filenamePrefix,${sequencingStartDate}${filenamePartSeperator}${sequencer}${filenamePartSeperator}${run}${filenamePartSeperator}${flowcell}${filenamePartSeperator}L${lane},,string,
fastqExtension,.fq,,string,
gzipExtension,.gz,,string,
md5sumExtension,.md5,,string,
#,,,,
filenameSuffixPE1,1,,,
filenameSuffixPE2,2,,,
filenameSuffixDiscardedReads,DISCARDED,,,
#,,,,
fastqFilenameSR,${filenamePrefix}${fastqExtension},,,
fastqFilenamePE1,${filenamePrefix}${filenamePartSeperator}${filenameSuffixPE1}${fastqExtension},,,
fastqFilenamePE2,${filenamePrefix}${filenamePartSeperator}${filenameSuffixPE2}${fastqExtension},,,
#,,,,
compressedFastqFilenameSR,${fastqFilenameSR}${gzipExtension},use these for multiplexed files,string,
compressedFastqFilenamePE1,${fastqFilenamePE1}${gzipExtension},use these for multiplexed files,string,
compressedFastqFilenamePE2,${fastqFilenamePE2}${gzipExtension},use these for multiplexed files,string,
#,,,,
demultiplexedSampleFastqFilenameSR,${filenamePrefix}${filenamePartSeperator}${barcode}${fastqExtension},use these for demultiplexed reads assigned to a sample,,
demultiplexedSampleFastqFilenamePE1,${filenamePrefix}${filenamePartSeperator}${barcode}${filenamePartSeperator}${filenameSuffixPE1}${fastqExtension},use these for demultiplexed reads assigned to a sample,,
demultiplexedSampleFastqFilenamePE2,${filenamePrefix}${filenamePartSeperator}${barcode}${filenamePartSeperator}${filenameSuffixPE2}${fastqExtension},use these for demultiplexed reads assigned to a sample,,
demultiplexedDiscardedFastqFilenameSR,${filenamePrefix}${filenamePartSeperator}${filenameSuffixDiscardedReads}${fastqExtension},use these for demultiplexed reads assigned to a sample,,
demultiplexedDiscardedFastqFilenamePE1,${filenamePrefix}${filenamePartSeperator}${filenameSuffixDiscardedReads}${filenamePartSeperator}${filenameSuffixPE1}${fastqExtension},use these for demultiplexed reads assigned to a sample,,
demultiplexedDiscardedFastqFilenamePE2,${filenamePrefix}${filenamePartSeperator}${filenameSuffixDiscardedReads}${filenamePartSeperator}${filenameSuffixPE2}${fastqExtension},use these for demultiplexed reads assigned to a sample,,
#,,,,
compressedDemultiplexedSampleFastqFilenameSR,${demultiplexedSampleFastqFilenameSR}${gzipExtension},use these for demultiplexed reads assigned to a sample,,
compressedDemultiplexedSampleFastqFilenamePE1,${demultiplexedSampleFastqFilenamePE1}${gzipExtension},use these for demultiplexed reads assigned to a sample,,
compressedDemultiplexedSampleFastqFilenamePE2,${demultiplexedSampleFastqFilenamePE2}${gzipExtension},use these for demultiplexed reads assigned to a sample,,
compressedDemultiplexedDiscardedFastqFilenameSR,${demultiplexedDiscardedFastqFilenameSR}${gzipExtension},use these for demultiplexed reads assigned to a sample,,
compressedDemultiplexedDiscardedFastqFilenamePE1,${demultiplexedDiscardedFastqFilenamePE1}${gzipExtension},use these for demultiplexed reads assigned to a sample,,
compressedDemultiplexedDiscardedFastqFilenamePE2,${demultiplexedDiscardedFastqFilenamePE2}${gzipExtension},use these for demultiplexed reads assigned to a sample,,
#,,,,
compressedDemultiplexedSampleFastqFilepathSR,${runResultsDir}/${compressedDemultiplexedSampleFastqFilenameSR},,,
compressedDemultiplexedSampleFastqFilepathPE1,${runResultsDir}/${compressedDemultiplexedSampleFastqFilenamePE1},,,
compressedDemultiplexedSampleFastqFilepathPE2,${runResultsDir}/${compressedDemultiplexedSampleFastqFilenamePE2},,,
#,,,,
demultiplexedSampleFastqChecksumFilenameSR,${demultiplexedSampleFastqFilenameSR}${md5sumExtension},use these for demultiplexed reads assigned to a sample,,
demultiplexedSampleFastqChecksumFilenamePE1,${demultiplexedSampleFastqFilenamePE1}${md5sumExtension},use these for demultiplexed reads assigned to a sample,,
demultiplexedSampleFastqChecksumFilenamePE2,${demultiplexedSampleFastqFilenamePE2}${md5sumExtension},use these for demultiplexed reads assigned to a sample,,
demultiplexedDiscardedFastqChecksumFilenameSR,${demultiplexedDiscardedFastqFilenameSR}${md5sumExtension},use these for demultiplexed reads assigned to a sample,,
demultiplexedDiscardedFastqChecksumFilenamePE1,${demultiplexedDiscardedFastqFilenamePE1}${md5sumExtension},use these for demultiplexed reads assigned to a sample,,
demultiplexedDiscardedFastqChecksumFilenamePE2,${demultiplexedDiscardedFastqFilenamePE2}${md5sumExtension},use these for demultiplexed reads assigned to a sample,,
#,,,,
log,log.log,,,