Name,defaultValue,description,dataType,hasOne_name
clusterQueue,default,,,
mem,4GB,Memory,,
walltime,23:59:00,walltime,,
cores,1,,,
scheduler,BSUB,,,
stage,module load,,,
defaultInterpreter,#!/bin/bash,,,
jobname,jobname,,string,
root,/target/gpfs2/gcc/,the root to your tools and data,string,
bashrc,${root}/gcc.bashrc,,,
tooldir,${root}/tools,root dir for tools,string,
scriptdir,${tooldir}/scripts,,,
importscript,${scriptdir}/import.sh,,,
resdir,${root}/resources,,,
#,,,,
tempdir,${imputationResultDir}/tmp/,,,
plink,${tooldir}/plink-${plinkversion}/plink,,,
plinkversion,1.07-x86_64,,,
plinkseqBin,${tooldir}/plink-${plinkseqversion}/plink108,,,
plinkseqversion,1.08,,,
projectPhasingJobsDir,${McScripts}/../phasing/,,,
projectImputationJobsDir,${McScripts}/../imputation/,,,
projectPhasingJobsDirTarGz,${McScripts}/../phasing.tar.gz,,,
projectImputationJobsDirTarGz,${McScripts}/../imputation.tar.gz,,,
projectTempDir,${tempdir}/,end with slash,,
studyPedMapDir,${projectTempDir}/PedMap/,end with slash,,
studyInputPedMapChr,${studyInputDir}/chr${chr},,,
studyPedMapChrDir,${studyPedMapDir}/chr${chr}/,,,
studyPedMapChr,${studyPedMapChrDir}/chr${chr},,,
studyTriTyperChrTempDir,${projectTempDir}/StudyTriTyper/~chr${chr}/,end with slash,,
studyTriTyperChrDir,${projectTempDir}/StudyTriTyper/chr${chr}/,end with slash,,
preparedStudyTempDir,${projectTempDir}/preparedStudy/~${chr}/,end with slash,,
preparedStudyDir,${projectTempDir}/preparedStudy/${chr}/,end with slash,,
studyPedMap,${studyPedMapDir}/,,,
gtoolBin,gtool,,,
#gtoolBin,${tooldir}/gtool_${gtoolBinversion}/gtool,,,
gtoolBinversion,v0.7.5_x86_64,,,
referenceFolder,${resdir}/imputationReference/,Maybe change this path later,,
referenceTriTyperDir,${referenceFolder}/${referencePanel}/TriTyper/Chr${chr}/,end with slash,,
pythonversion,2.7.3,,,
javaversion,1.6.0_33,,,
imputationToolJar,${tooldir}/ImputationTool-${imputationToolJarversion}/ImputationTool.jar,,,
imputationToolJarversion,20120912,,,
imputationToolLibDir,${tooldir}/ImputationTool-${imputationToolJarversion}/lib/,,,
imputationToolGeneticaLibrariesJar,${imputationToolLibDir}/GeneticaLibraries.jar,,,
imputationToolJsciCoreJar,${imputationToolLibDir}/jsci-core-1.1.jar,,,
convertB36ChrTempDir,${projectTempDir}/b36conversion/,,,
convertB36ChrHg19Bed,${convertB36ChrTempDir}/chr_${chr}Hg19.bed,,,
convertB36unmapped,${projectTempDir}/b36conversion/chr_${chr}.unmapped.txt,,,
convertB36unmappedSNPs,${projectTempDir}/b36conversion/chr_${chr}.unmapped.txt,,,
b36conversionPedMapResultDir,${imputationResultDir}/b36PedMap/,,,
liftOverUcscBin,${tooldir}/liftOverUcsc-${liftOverUcscBinversion}/liftOver,,,
liftOverUcscBinversion,20120905,,,
convertB36ChrHg18Bed,${convertB36ChrTempDir}/chr_${chr}Hg18.bed,,,
liftoverDir,${resdir}/liftover/,,,
hg19ToHg18chainfile,${liftoverDir}/hg19ToHg18.over.chain,,,
project,,,,"imputationResultDir,studyInputDir,referencePanel,imputationPipeline"
expandWorksheetJar,${tooldir}/ExpandWorksheetWithMergeWorksheet${expandWorksheetJarversion}/ExpandWorksheetWithMergeWorksheet${expandWorksheetJarversion}.jar,,,
expandWorksheetJarversion,V1.1,,,
concatWorksheetsJar,${tooldir}/ConcatWorksheets${concatWorksheetsJarversion}/ConcatWorksheets${concatWorksheetsJarversion}.jar
concatWorksheetsJarversion,V1.0,,,
#,,,,
chr,,,,
chunkSize,2000,,,
chunkOverlap,750,,,
chunkChromosomeBin,${tooldir}/ChunkChromosome-${chunkChromosomeBinVersion}/ChunkChromosome,,,
chunkChromosomeBinVersion,2012-08-28,,,
chunk,,,,
chunkChrWorkSheet,${tempdir}/tmpChr${chr}ChunkWorksheet.csv,,,
finalChunkChrWorksheet,${tempdir}/ChunkChr${chr}Worksheet.csv,,,
tmpFinalChunkChrWorksheet,${tempdir}/~ChunkChr${chr}Worksheet.csv,,,
concattedChunkWorksheet,${McScripts}/../concattedChunkWorksheet.csv,,,
tmpConcattedChunkWorksheet,${McScripts}/../~concattedChunkWorksheet.csv,,,
studyMerlinDir,${tempdir}/studyMerlin/,,,
studyMerlinChrDir,${studyMerlinDir}/chr${chr}/,,,
studyMerlinChrMap,${studyMerlinChrDir}/chr${chr}.map,,,
studyMerlinChrDat,${studyMerlinChrDir}/chr${chr}.dat,,,
studyMerlinChrPed,${studyMerlinChrDir}/chr${chr}.ped,,,
machBin,${tooldir}/mach.${machBinversion}/executables/mach1,,,
machBinversion,1.0.18,,,
studyChunkDir,${tempdir}/studyChunks,,,
studyChunkChrDir,${studyChunkDir}/chr${chr}/,,,
phasingRounds,20,,,
phasingStates,200,,,
phasingHaplotypeSampling,5,,,
minimacOmpBin,${tooldir}/minimac-beta-${minimacVersion}/minimac-omp,,,
minimacBin,${tooldir}/minimac-beta-${minimacVersion}/minimac,,,
minimacVersion,2012.10.3,,,
referenceChrVcf,${referenceFolder}/${referencePanel}/vcf/chr${chr}.vcf,,,
referenceChrVcfGz,${referenceFolder}/${referencePanel}/vcf/chr${chr}.vcf.gz,,,
#,,,,
studyInputDir,,,,
referencePanel,,,,
imputationResultDir,,,,
imputationPipeline,,,,
genomeBuild,,,,
autostart,TRUE,,,
